id,year,name,title,url,class
0020c8,1847,0020c8-1847.pdf,Methode generale pour la resolution des systemes d'equations simultanees,https://ems.press/content/book-chapter-files/27368?nt=1,X-CONTEXT
00416d,1908,00416d-1908.pdf,Le√ßons sur le calcul des variations,https://archive.org/details/leconssurlecalcu00hadarich,X-CONTEXT
00762a,1913,00762a-1913.pdf,"An Example of Statistical Investigation of the Text ""Eugene Onegin"" Concerning the Connection of Samples in Chains",https://nessie.ilab.sztaki.hu/~kornai/2021/KalmanCL/markov_1913.pdf,X-CONTEXT
008874,1924,008874-1924.pdf,Certain Factors Affecting Telegraph Speed,https://monoskop.org/images/9/9f/Nyquist_Harry_1924_Certain_Factors_Affecting_Telegraph_Speed.pdf,X-CONTEXT
018b29,1928,018b29-1928.pdf,Transmission of Information,https://monoskop.org/images/a/a6/Hartley_Ralph_VL_1928_Transmission_of_Information.pdf,X-CONTEXT
01f22f,1935,01f22f-1935.pdf,Can Quantum-Mechanical Description of Physical Reality Be Considered Complete?,https://link.aps.org/doi/10.1103/PhysRev.47.777,X-CONTEXT
024258,1948,024258-1948.pdf,A Mathematical Theory of Communication,https://people.math.harvard.edu/~ctm/home/text/others/shannon/entropy/entropy.pdf,X-CONTEXT
03748a,1948,03748a-1948.pdf,Cognitive maps in rats and men (Tolman48),https://personal.utdallas.edu/~tres/spatial/tolman.pdf,X-CONTEXT
0443e5,1949,0443e5-1949.pdf,The Organization of Behavior,https://www.dengfanxin.cn/wp-content/uploads/2016/03/1949Hebb.pdf,X-CONTEXT
066604,1949,066604-1949.pdf,Translation (Weaver Memorandum),https://www.mt-archive.net/50/Weaver-1949.pdf,X-CONTEXT
0691c1,1954,0691c1-1954.pdf,The Theory of Dynamic Programming,https://www.rand.org/content/dam/rand/pubs/papers/2008/P550.pdf,X-CONTEXT
0780cb,1956,0780cb-1956.pdf,The magical number seven plus or minus two: some limits on our capacity for processing information (Miller56),https://labs.la.utexas.edu/gilden/files/2016/04/MagicNumberSeven-Miller1956.pdf,X-CONTEXT
088fc4,1957,088fc4-1957.pdf,A Markovian Decision Process,https://www.iumj.indiana.edu/IUMJ/FTDLOAD/1957/6/56038/pdf,X-CONTEXT
08a38d,1957,08a38d-1957.pdf,Dynamic Programming,https://gwern.net/doc/statistics/decision/1957-bellman-dynamicprogramming.pdf,X-CONTEXT
0ac81e,1957,0ac81e-1957.pdf,Information Theory and Statistical Mechanics,https://bayes.wustl.edu/etj/articles/theory.1.pdf,X-CONTEXT
0b3621,1957,0b3621-1957.pdf,The perceptron: A perceiving and recognizing automaton,https://bpb-us-e2.wpmucdn.com/websites.umass.edu/dist/a/27637/files/2016/03/rosenblatt-1957.pdf,ML-FNDTNS
0c1ed9,1959,0c1ed9-1959.pdf,Receptive fields of single neurones in the cat's striate cortex,https://pmc.ncbi.nlm.nih.gov/articles/PMC1363130/,X-CONTEXT
0c950b,1960,0c950b-1960.pdf,A New Approach to Linear Filtering and Prediction Problems,https://sci-hub.ru/10.1115/1.3662552,X-CONTEXT
0d2e16,1961,0d2e16-1961.pdf,New Results in Linear Filtering and Prediction Theory,https://sci-hub.ru/10.1115/1.3658902,X-CONTEXT
0dfee8,1962,0dfee8-1962.pdf,"Receptive Fields, Binocular Interaction, and Functional Architecture in the Cat's Visual Cortex",https://www.gatsby.ucl.ac.uk/~lmatthey/teaching/tn1/additional/systems/JPhysiol-1962-Hubel-106-54.pdf,X-CONTEXT
0e1002,1963,0e1002-1963.pdf,Deterministic Nonperiodic Flow,https://journals.ametsoc.org/downloadpdf/journals/atsc/20/2/1520-0469_1963_020_0130_dnf_2_0_co_2.xml,X-CONTEXT
0ed9dd,1970,0ed9dd-1970.pdf,Algoritmin kumulatiivinen pyoristysvirhe yksittaisten pyoristysvirheiden Taylor-kehitelmana (The representation of the cumulative rounding error ...),https://www.idsia.ch/~juergen/linnainmaa1970thesis.pdf,X-CONTEXT
0ee181,1971,0ee181-1971.pdf,The hippocampus as a spatial map. Preliminary evidence from unit activity in the freely-moving rat (OkeefeDostrovsky71),https://nteucampus.org/sites/default/files/lesson-docs/O_Keefe%20-%20The%20hippocampus%20as%20a%20spatial%20map_0.pdf,X-CONTEXT
0f0cbd,1972,0f0cbd-1972.pdf,Broadcast Channels,https://isl.stanford.edu/~cover/papers/transIT/0002cove.pdf,X-CONTEXT
0fb484,1972,0fb484-1972.pdf,Excitatory and inhibitory interactions in localized populations of model neurons (WilsonCowan72),https://case.edu/artsci/math/thomas/b378s08/WilsonCowan1972BiophysicalJournal.pdf,X-CONTEXT
1110ea,1974,1110ea-1974.pdf,Working Memory (Baddeley & Hitch),https://app.nova.edu/toolbox/instructionalproducts/edd8124/fall11/1974-Baddeley-and-Hitch.pdf,X-CONTEXT
13f36a,1976,13f36a-1976.pdf,"Adaptive pattern classification and universal recoding: II. Feedback, expectation, olfaction, illusions (Grossberg76)",https://sci-hub.ru/10.1007/bf00340335,X-CONTEXT
1404d6,1980,1404d6-1980.pdf,A feature-integration theory of attention (TreismanGelade80),https://sci-hub.ru/10.1016/0010-0285(80)90005-5,X-CONTEXT
142e75,1982,142e75-1982.pdf,Neural networks and physical systems with emergent collective computational abilities,https://www.pnas.org/doi/10.1073/pnas.79.8.2554,COMP-REAS
14c490,1982,14c490-1982.pdf,Two cortical visual systems,https://www.cns.nyu.edu/~tony/vns/readings/ungerleider-mishkin-1982.pdf,X-CONTEXT
14c740,1982,14c740-1982.pdf,Vision: A Computational Investigation into the Human Representation and Processing of Visual Information,https://direct.mit.edu/books/monograph/3299/VisionA-Computational-Investigation-into-the-Human,X-CONTEXT
14feaa,1983,14feaa-1983.pdf,Neuronlike Adaptive Elements That Can Solve Difficult Learning Control Problems,https://incompleteideas.net/papers/barto-sutton-anderson-83.pdf,ML-FNDTNS
14ff60,1986,14ff60-1986.pdf,Learning Representations by Back-Propagating Errors,https://www.nature.com/articles/323533a0.pdf,ML-FNDTNS
152333,1988,152333-1988.pdf,Learning to Predict by the Methods of Temporal Differences,https://incompleteideas.net/papers/sutton-88-with-erratum.pdf,ML-FNDTNS
152f50,1990,152f50-1990.pdf,Cellular and circuit basis of working memory in prefrontal cortex of nonhuman primates (GoldmanRakic90),https://www.sciencedirect.com/science/article/pii/S0079612308626886/pdf?md5=21ef5a5f718b876e350f35788a65d986&pid=1-s2.0-S0079612308626886-main.pdf,X-CONTEXT
ffb964,1990,ffb964-1990.pdf,Unified Theories of Cognition,https://www.hup.harvard.edu/books/9780674921016,X-CONTEXT
165d02,1991,165d02-1991.pdf,"Dyna, an Integrated Architecture for Learning, Planning, and Reacting",https://sci-hub.ru/10.1145/122344.122377,COMP-REAS
16a6e9,1992,16a6e9-1992.pdf,A prototype for data-driven visual attention,https://www.sci-hub.ru/10.1109/icpr.1992.201502,COMP-REAS
17084c,1992,17084c-1992.pdf,Separate visual pathways for perception and action (GoodaleMilner92),https://cnbc.cmu.edu/braingroup/papers/goodale_milner_1992.pdf,X-CONTEXT
1791d8,1992,1791d8-1992.pdf,Simple Statistical Gradient-Following Algorithms for Connectionist Reinforcement Learning (REINFORCE),https://link.springer.com/content/pdf/10.1007/BF00992696.pdf,ML-FNDTNS
17e12a,1992,17e12a-1992.pdf,"TD-Gammon, a Self-Teaching Backgammon Program, Achieves Master-Level Play",https://cdn.aaai.org/Symposia/Fall/1993/FS-93-02/FS93-02-003.pdf,ML-FNDTNS
188af7,1992,188af7-1992.pdf,Technical Note: Q-learning,https://link.springer.com/content/pdf/10.1023/A%3A1022676722315.pdf,ML-FNDTNS
18d03a,1993,18d03a-1993.pdf,Keeping Neural Networks Simple by Minimizing the Description Length of the Weights,/home/jake/Developer/timeline/BIBLIOTHEQUE/6_Keeping_Neural_Networks_Simple_by_Minimizing_the_Description_Length_of_the_Weights.pdf,ML-FNDTNS
18f98b,1994,18f98b-1994.pdf,On-line Q-learning Using Connectionist Systems,https://www.researchgate.net/profile/Mahesan-Niranjan/publication/2500611_On-Line_Q-Learning_Using_Connectionist_Systems/links/5438d5db0cf204cab1d6db0f/On-Line-Q-Learning-Using-Connectionist-Systems.pdf,ML-FNDTNS
1944f2,1995,1944f2-1995.pdf,Cellular basis of working memory (GoldmanRakic95),https://www.sciencedirect.com/science/article/pii/0896627395903046/pdf?_valck=1&md5=ed5ba32082b957d1d233d356c4203fcb&pid=1-s2.0-0896627395903046-main.pdf,X-CONTEXT
1999fc,1995,1999fc-1995.pdf,Support-Vector Networks,https://link.springer.com/content/pdf/10.1007/BF00994018.pdf,ML-FNDTNS
19e57f,1996,19e57f-1996.pdf,A recurrent neural architecture mimicking cortical preattentive vision systems,https://www.sci-hub.ru/10.1016/0925-2312(94)00067-0,ML-FNDTNS
1ae08a,1997,1ae08a-1997.pdf,Long Short-Term Memory (LSTM),https://www.bioinf.jku.at/publications/older/2604.pdf,COMP-REAS
1b0521,1998,1b0521-1998.pdf,"Feedforward, horizontal, and feedback processing in the visual cortex",https://www.sci-hub.ru/10.1016/s0959-4388(98)80042-1,X-CONTEXT
1b1615,1999,1b1615-1999.pdf,A Framework for Temporal Abstraction in Reinforcement Learning,https://www.sciencedirect.com/science/article/pii/S0004370299000521/pdf,COMP-REAS
1b613a,1999,1b613a-1999.pdf,Actor-Critic Algorithms,https://papers.nips.cc/paper/1786-actor-critic-algorithms.pdf,ML-FNDTNS
1b9229,1999,1b9229-1999.pdf,Predictive coding in the visual cortex,https://pmc.ncbi.nlm.nih.gov/articles/PMC4311762/,X-CONTEXT
1ba277,1999,1ba277-1999.pdf,Predictive coding in the visual cortex: a functional interpretation of some extra-classical receptive-field effects,https://homes.cs.washington.edu/~rao/Rao-Ballard-NN-1999.pdf,X-CONTEXT
1bf1e6,2000,1bf1e6-2000.pdf,Policy Gradient Methods for Reinforcement Learning with Function Approximation,https://papers.nips.cc/paper/1713-policy-gradient-methods-for-reinforcement-learning-with-function-approximation.pdf,ML-FNDTNS
1ce867,2000,1ce867-2000.pdf,The distinct modes of vision offered by feedforward and recurrent processing,https://www.sci-hub.ru/10.1016/s0166-2236(00)01657-x,X-CONTEXT
1e29b6,2001,1e29b6-2001.pdf,A Natural Policy Gradient,https://papers.neurips.cc/paper/2073-a-natural-policy-gradient.pdf,ML-FNDTNS
1e334c,2001,1e334c-2001.pdf,An integrative theory of prefrontal cortex function,https://web.math.princeton.edu/~sswang/literature_general_unsorted/miller_cohen01_annu_rev_neurosci_prefrontal-theory.pdf,X-CONTEXT
1e6418,2001,1e6418-2001.pdf,"Using a recurrent network to bind form, color and position into a unified percept",https://www.sci-hub.ru/10.1016/s0925-2312(01)00395-2,COMP-REAS
1f259f,2002,1f259f-2002.pdf,Approximately Optimal Approximate Reinforcement Learning,https://people.eecs.berkeley.edu/~pabbeel/cs287-fa09/readings/KakadeLangford-icml2002.pdf,ML-FNDTNS
209449,2002,209449-2002.pdf,Optimal feedback control as a theory of motor coordination,https://roboti.us/lab/papers/TodorovNatNeurosci02.pdf,X-CONTEXT
2098d9,2003,2098d9-2003.pdf,A Neural Probabilistic Language Model,https://www.jmlr.org/papers/volume3/bengio03a/bengio03a.pdf,ML-FNDTNS
20d826,2003,20d826-2003.pdf,Least-Squares Policy Iteration (LSPI),https://www.jmlr.org/papers/v4/lagoudakis03a.html,ML-FNDTNS
225f2d,2004,225f2d-2004.pdf,A Tutorial Introduction to the Minimum Description Length Principle,/home/jake/Developer/timeline/BIBLIOTHEQUE/5_A_Tutorial_Introduction_to_the_Minimum_Description_Length_Principle.pdf,ML-FNDTNS
22f181,2004,22f181-2004.pdf,Optimality principles in sensorimotor control (Todorov04),https://roboti.us/lab/papers/TodorovNatNeurosci04.pdf,X-CONTEXT
2345a5,2005,2345a5-2005.pdf,Dynamic dopamine modulation in the basal ganglia: a neurocomputational account of cognitive deficits in medicated and nonmedicated Parkinsonism (Frank05),https://ski.clps.brown.edu/papers/Frank_JOCN.pdf,X-CONTEXT
242596,2005,242596-2005.pdf,Microstructure of a spatial map in the entorhinal cortex,https://www.nature.com/articles/nature03721.pdf,X-CONTEXT
246b5a,2005,246b5a-2005.pdf,Neural Fitted Q Iteration (NFQ),https://link.springer.com/content/pdf/10.1007/11564096_32.pdf,ML-FNDTNS
24a163,2005,24a163-2005.pdf,Tree-Based Batch Mode Reinforcement Learning,https://www.jmlr.org/papers/volume6/ernst05a/ernst05a.pdf,ML-FNDTNS
24bce2,2006,24bce2-2006.pdf,A Fast Learning Algorithm for Deep Belief Nets,https://www.cs.toronto.edu/~fritz/absps/ncfast.pdf,ML-FNDTNS
266d36,2006,266d36-2006.pdf,A free energy principle for the brain (FEP),https://www.fil.ion.ucl.ac.uk/~karl/A%20free%20energy%20principle%20for%20the%20brain.pdf,X-CONTEXT
2695de,2006,2695de-2006.pdf,Making Working Memory Work: A Computational Model of Learning in the Prefrontal Cortex and Basal Ganglia (OReillyFrank06),https://ccnlab.org/papers/OReillyFrank06.pdf,X-CONTEXT
271ad3,2007,271ad3-2007.pdf,Core Knowledge,https://www.harvardlds.org/wp-content/uploads/2017/01/SpelkeKinzler07-1.pdf,X-CONTEXT
2731e2,2007,2731e2-2007.pdf,The Hidden Logic of Sudoku (Second Edition),https://raw.githubusercontent.com/denis-berthier/CSP-Rules-V2.1/master/Publications/2007-HLS2.pdf,MIS-CLASS
2781e1,2007,2781e1-2007.pdf,Toward an executive without a homunculus: computational models of the prefrontal cortex/basal ganglia system,https://royalsocietypublishing.org/doi/abs/10.1098/rstb.2007.2055,X-CONTEXT
278acc,2008,278acc-2008.pdf,Machine Super Intelligence,/home/jake/Developer/timeline/BIBLIOTHEQUE/2_Machine_Super_Intelligence.pdf,DATA-BNCH
27b6d6,2008,27b6d6-2008.pdf,Natural Actor-Critic,https://www.sciencedirect.com/science/article/pii/S0925231208000532/pdf,ML-FNDTNS
27f85c,2009,27f85c-2009.pdf,ImageNet: A Large-Scale Hierarchical Image Database,https://www.image-net.org/static_files/papers/imagenet_cvpr09.pdf,DATA-BNCH
283918,2010,283918-2010.pdf,Component-based Synthesis Applied to Bitvector Programs,https://www.microsoft.com/en-us/research/wp-content/uploads/2010/02/bv.pdf,X-CONTEXT
29603c,2010,29603c-2010.pdf,Relative Entropy Policy Search (REPS),https://ojs.aaai.org/index.php/AAAI/article/view/7727/7588,ML-FNDTNS
2ab4b0,2010,2ab4b0-2010.pdf,The free-energy principle: a unified brain theory?,https://www.uab.edu/medicine/cinl/images/KFriston_FreeEnergy_BrainTheory.pdf,X-CONTEXT
2c7caa,2011,2c7caa-2011.pdf,Automating String Processing in Spreadsheets Using Input-Output Examples (FlashFill),https://www.microsoft.com/en-us/research/wp-content/uploads/2016/12/popl11-synthesis.pdf,ML-FNDTNS
2d58e7,2011,2d58e7-2011.pdf,Synthesis From Examples: Interaction Models and Algorithms,https://www.microsoft.com/en-us/research/wp-content/uploads/2016/12/synasc12.pdf,ML-FNDTNS
2e5912,2011,2e5912-2011.pdf,The First Law of Complexodynamics,/home/jake/Developer/timeline/BIBLIOTHEQUE/1_The_First_Law_of_Complexodynamics.pdf,X-CONTEXT
2e84d5,2012,2e84d5-2012.pdf,Canonical microcircuits for predictive coding (Bastos12),https://www.fil.ion.ucl.ac.uk/~karl/Canonical%20Microcircuits%20for%20Predictive%20Coding.pdf,X-CONTEXT
2f6c63,2012,2f6c63-2012.pdf,ImageNet Classification with Deep Convolutional Neural Networks (AlexNet),https://proceedings.neurips.cc/paper_files/paper/2012/file/c399862d3b9d6b76c8436e924a68c45b-Paper.pdf,ML-FNDTNS
31ff72,2012,31ff72-2012.pdf,Learning Semantic String Transformations from Examples,https://vldb.org/pvldb/vol5/p740_rishabhsingh_vldb2012.pdf,ML-FNDTNS
332f19,2012,332f19-2012.pdf,"Working Memory: Theories, Models, and Controversies",https://sci-hub.ru/10.1146/annurev-psych-120710-100422,X-CONTEXT
33670a,2013,33670a-2013.pdf,Auto-Encoding Variational Bayes (VAE),https://arxiv.org/pdf/1312.6114.pdf,ML-FNDTNS
33f01b,2013,33f01b-2013.pdf,Distributed Representations of Words and Phrases and their Compositionality,https://arxiv.org/pdf/1310.4546.pdf,ML-FNDTNS
3492b6,2013,3492b6-2013.pdf,Efficient Estimation of Word Representations in Vector Space (word2vec),https://arxiv.org/pdf/1301.3781.pdf,ML-FNDTNS
35ab55,2013,35ab55-2013.pdf,ICFP Programming Competition,https://dspace.mit.edu/bitstream/handle/1721.1/137904/1611.07627.pdf?isAllowed=y&sequence=2,DATA-BNCH
3754ba,2013,3754ba-2013.pdf,Syntax-Guided Synthesis (SyGuS),https://www.cis.upenn.edu/~alur/SyGuS13.pdf,DATA-BNCH
37db72,2014,37db72-2014.pdf,Deterministic Policy Gradient Algorithms,https://proceedings.mlr.press/v32/silver14.pdf,ML-FNDTNS
380806,2014,380806-2014.pdf,Dropout: A Simple Way to Prevent Neural Networks from Overfitting,https://www.jmlr.org/papers/volume15/srivastava14a/srivastava14a.pdf,ML-FNDTNS
382ad5,2014,382ad5-2014.pdf,Generative Adversarial Nets (GANs),https://arxiv.org/pdf/1406.2661.pdf,ML-FNDTNS
388ae7,2014,388ae7-2014.pdf,Hierarchy of Intrinsic Timescales in Cortex,https://www.cns.nyu.edu/wanglab/publications/pdf/murray.nn2014.pdf,X-CONTEXT
397f7b,2014,397f7b-2014.pdf,Neural Machine Translation by Jointly Learning to Align and Translate,/home/jake/Developer/timeline/BIBLIOTHEQUE/17_Neural_Machine_Translation_by_Jointly_Learning_to_Align_and_Translate.pdf,COMP-REAS
3a2297,2014,3a2297-2014.pdf,Neural Turing Machines,/home/jake/Developer/timeline/BIBLIOTHEQUE/21_Neural_Turing_Machines.pdf,COMP-REAS
3aafc4,2014,3aafc4-2014.pdf,Quantifying the Rise and Fall of Complexity in Closed Systems: The Coffee Automaton,/home/jake/Developer/timeline/BIBLIOTHEQUE/3_Quantifying_the_Rise_and_Fall_of_Complexity_in_Closed_Systems_The_Coffee_Automaton.pdf,X-CONTEXT
3b6d87,2014,3b6d87-2014.pdf,Recurrent Neural Network Regularization,/home/jake/Developer/timeline/BIBLIOTHEQUE/15_Recurrent_Neural_Network_Regularization.pdf,ML-FNDTNS
3ba397,2015,3ba397-2015.pdf,Deep Residual Learning for Image Recognition,/home/jake/Developer/timeline/BIBLIOTHEQUE/10_Deep_Residual_Learning_for_Image_Recognition.pdf,ML-FNDTNS
3bc5e2,2015,3bc5e2-2015.pdf,Deep Speech 2: End-to-End Speech Recognition in English and Mandarin,/home/jake/Developer/timeline/BIBLIOTHEQUE/16_Deep_Speech_2_End_to_End_Speech_Recognition_in_English_and_Mandarin.pdf,ML-FNDTNS
3d16b2,2015,3d16b2-2015.pdf,End-To-End Memory Networks (MemN2N),https://arxiv.org/pdf/1503.08895.pdf,COMP-REAS
3d5f48,2015,3d5f48-2015.pdf,"General Program Synthesis Benchmark Suite (PSB / ""PSB1"")",https://www.cs.hamilton.edu/~thelmuth/Pubs/2015-GECCO-benchmark-suite.pdf,DATA-BNCH
3ed87f,2015,3ed87f-2015.pdf,Human-level Control through Deep Reinforcement Learning (DQN),https://web.stanford.edu/class/psych209/Readings/MnihEtAlHassibis15NatureControlDeepRL.pdf,ML-FNDTNS
3f2141,2015,3f2141-2015.pdf,Learning to Transduce with Unbounded Memory,https://arxiv.org/pdf/1506.02516.pdf,COMP-REAS
411990,2015,411990-2015.pdf,Multi-Scale Context Aggregation by Dilated Convolutions,/home/jake/Developer/timeline/BIBLIOTHEQUE/12_Multi_Scale_Context_Aggregation_by_Dilated_Convolutions.pdf,ML-FNDTNS
42658b,2015,42658b-2015.pdf,Neural Programmer-Interpreters (NPI),https://arxiv.org/pdf/1511.06279.pdf,COMP-REAS
42d525,2015,42d525-2015.pdf,Order Matters: Sequence to sequence for sets,/home/jake/Developer/timeline/BIBLIOTHEQUE/19_Order_Matters_Sequence_to_Sequence_for_Sets.pdf,ML-FNDTNS
42e89a,2015,42e89a-2015.pdf,Pointer Networks,/home/jake/Developer/timeline/BIBLIOTHEQUE/18_Pointer_Networks.pdf,COMP-REAS
43712b,2015,43712b-2015.pdf,SyGuS-Comp'15 Results/Analysis,https://rishabhmit.bitbucket.io/papers/synt15.pdf,DATA-BNCH
43c94e,2015,43c94e-2015.pdf,The Unreasonable Effectiveness of Recurrent Neural Networks,/home/jake/Developer/timeline/BIBLIOTHEQUE/13_The_Unreasonable_Effectiveness_of_Recurrent_Neural_Networks.pdf,MIS-CLASS
4460f6,2015,4460f6-2015.pdf,Understanding LSTM Networks,/home/jake/Developer/timeline/BIBLIOTHEQUE/14_Understanding_LSTM_Networks.pdf,MIS-CLASS
446908,2016,446908-2016.pdf,BlinkFill: Semi-supervised Programming By Example for Syntactic String Transformations,https://www.vldb.org/pvldb/vol9/p816-singh.pdf,ML-FNDTNS
455fc3,2016,455fc3-2016.pdf,Differentiable Neural Computer (DNC),https://www.nature.com/articles/nature20101.pdf,COMP-REAS
457626,2016,457626-2016.pdf,Hybrid computing using a neural network with dynamic external memory (DNC),https://web.stanford.edu/class/psych209/Readings/GravesWayne16DNC.pdf,COMP-REAS
469434,2016,469434-2016.pdf,Identity Mappings in Deep Residual Networks,/home/jake/Developer/timeline/BIBLIOTHEQUE/11_Identity_Mappings_in_Deep_Residual_Networks.pdf,ML-FNDTNS
47d076,2016,47d076-2016.pdf,Mastering the Game of Go with Deep Neural Networks and Tree Search (AlphaGo),https://sci-hub.ru/10.1038/nature16961,MIS-CLASS
48cd83,2016,48cd83-2016.pdf,Neural Module Networks (NMN),https://openaccess.thecvf.com/content_cvpr_2016/papers/Andreas_Neural_Module_Networks_CVPR_2016_paper.pdf,COMP-REAS
4951e5,2016,4951e5-2016.pdf,Stanford CS231n - Convolutional Neural Networks for Visual Recognition,/home/jake/Developer/timeline/BIBLIOTHEQUE/8_Stanford_CS231n_Convolutional_Neural_Networks_for_Visual_Recognition.pdf,MIS-CLASS
4b8f71,2016,4b8f71-2016.pdf,SyGuS-Comp 2016: Results and Analysis,https://dspace.mit.edu/bitstream/handle/1721.1/137904/1611.07627.pdf?isAllowed=y&sequence=2.pdf,DATA-BNCH
4bd653,2016,4bd653-2016.pdf,Variational Lossy Autoencoder,/home/jake/Developer/timeline/BIBLIOTHEQUE/7_Variational_Lossy_Autoencoder.pdf,ML-FNDTNS
4c6c65,2017,4c6c65-2017.pdf,A simple neural network module for relational reasoning,/home/jake/Developer/timeline/BIBLIOTHEQUE/22_A_simple_neural_network_module_for_relational_reasoning.pdf,COMP-REAS
4ca3fc,2017,4ca3fc-2017.pdf,Attention Is All You Need,https://papers.neurips.cc/paper/7181-attention-is-all-you-need.pdf,ML-FNDTNS
4d9d52,2017,4d9d52-2017.pdf,CLEVR: A Diagnostic Dataset for Compositional Language and Elementary Visual Reasoning,https://openaccess.thecvf.com/content_cvpr_2017/papers/Johnson_CLEVR_A_Diagnostic_CVPR_2017_paper.pdf,DATA-BNCH
4db2bd,2017,4db2bd-2017.pdf,DeepCoder: Learning to Write Programs,https://openreview.net/pdf?id=ByldLrqlx,COMP-REAS
4e63d1,2017,4e63d1-2017.pdf,End-to-End Differentiable Proving (NTP),https://arxiv.org/pdf/1705.11040.pdf,COMP-REAS
4ed0a4,2017,4ed0a4-2017.pdf,Kolmogorov Complexity and Algorithmic Randomness,/home/jake/Developer/timeline/BIBLIOTHEQUE/4_Kolmogorov_Complexity_and_Algorithmic_Randomness.pdf,X-CONTEXT
511f58,2017,511f58-2017.pdf,Lie-Access Neural Turing Machines (LANTM),https://openreview.net/pdf?id=Byiy-Pqlx,COMP-REAS
51292c,2017,51292c-2017.pdf,Neural Message Passing for Quantum Chemistry,/home/jake/Developer/timeline/BIBLIOTHEQUE/23_Neural_Message_Passing_for_Quantum_Chemistry.pdf,ML-FNDTNS
515518,2017,515518-2017.pdf,Neural Program Meta-Induction,https://arxiv.org/pdf/1710.04157.pdf,ML-FNDTNS
517a35,2018,517a35-2018.pdf,Accelerating Search-Based Program Synthesis using Learned Probabilistic Models (Euphony),https://www.cis.upenn.edu/~alur/PLDI18.pdf,ML-FNDTNS
532e97,2018,532e97-2018.pdf,BERT: Pre-training of Deep Bidirectional Transformers for Language Understanding,https://arxiv.org/pdf/1810.04805.pdf,ML-FNDTNS
53de23,2018,53de23-2018.pdf,GPipe: Efficient Training of Giant Neural Networks using Pipeline Parallelism,/home/jake/Developer/timeline/BIBLIOTHEQUE/25_GPipe_Easy_Scaling_with_Micro_Batch_Pipeline_Parallelism.pdf,ML-FNDTNS
553406,2018,553406-2018.pdf,"HotpotQA: A Dataset for Diverse, Explainable Multi-hop Question Answering",https://aclanthology.org/D18-1259.pdf,DATA-BNCH
55fc1f,2018,55fc1f-2018.pdf,Improving Language Understanding by Generative Pre-Training,https://cdn.openai.com/research-covers/language-unsupervised/language_understanding_paper.pdf,ML-FNDTNS
562500,2018,562500-2018.pdf,Learning Explanatory Rules from Noisy Data / Differentiable ILP (dILP),https://jair.org/index.php/jair/article/view/11172/26376,ML-FNDTNS
59227d,2018,59227d-2018.pdf,ListOps: A Diagnostic Dataset for Latent Tree Learning,https://aclanthology.org/N18-4013.pdf,DATA-BNCH
5979b8,2018,5979b8-2018.pdf,Recurrent Relational Networks (RRN),https://proceedings.neurips.cc/paper_files/paper/2018/file/b9f94c77652c9a76fc8a442748cd54bd-Paper.pdf,COMP-REAS
5a2fef,2018,5a2fef-2018.pdf,Relational recurrent neural networks,/home/jake/Developer/timeline/BIBLIOTHEQUE/24_Relational_recurrent_neural_networks.pdf,COMP-REAS
5b0cba,2018,5b0cba-2018.pdf,Search-based Program Synthesis,https://www.cis.upenn.edu/~alur/CACM18.pdf,X-CONTEXT
5dd41f,2018,5dd41f-2018.pdf,Set Transformer: A Framework for Attention-based Permutation-Invariant Neural Networks,https://arxiv.org/pdf/1810.00825.pdf,ML-FNDTNS
5e339e,2018,5e339e-2018.pdf,"The Lottery Ticket Hypothesis: Finding Sparse, Trainable Neural Networks (LTH)",https://arxiv.org/pdf/1803.03635.pdf,ML-FNDTNS
5e534b,2018,5e534b-2018.pdf,Universal Transformers (UT),https://arxiv.org/pdf/1807.03819.pdf,COMP-REAS
5ef318,2019,5ef318-2019.pdf,A Framework for Intelligence and Cortical Function Based on Grid Cells in the Neocortex,https://www.frontiersin.org/journals/neural-circuits/articles/10.3389/fncir.2018.00121/pdf,X-CONTEXT
5ffd65,2019,5ffd65-2019.pdf,AI Feynman: a Physics-Inspired Method for Symbolic Regression,https://arxiv.org/pdf/1905.11481.pdf,ML-FNDTNS
6021b0,2019,6021b0-2019.pdf,CLUTRR: A Diagnostic Benchmark for Inductive Reasoning from Text,https://aclanthology.org/D19-1458.pdf,DATA-BNCH
6115f1,2019,6115f1-2019.pdf,CommonsenseQA: A Question Answering Challenge Targeting Commonsense Knowledge,https://aclanthology.org/N19-1421.pdf,DATA-BNCH
612922,2019,612922-2019.pdf,DROP: Discrete Reasoning Over Paragraphs,https://aclanthology.org/N19-1246.pdf,DATA-BNCH
624545,2019,624545-2019.pdf,Deep Equilibrium Models (DEQ),https://implicit-layers-tutorial.org/deep_equilibrium_models/,COMP-REAS
62da41,2019,62da41-2019.pdf,Differentiable Convex Optimization Layers,https://openreview.net/pdf?id=1EuxRTe0WN,COMP-REAS
63efe0,2019,63efe0-2019.pdf,Dream to Control: Learning Behaviors by Latent Imagination (Dreamer),https://openreview.net/pdf?id=S1lOTC4tDS,COMP-REAS
6694fb,2019,6694fb-2019.pdf,Megatron-LM: Training Multi-Billion Parameter Language Models Using Model Parallelism,https://arxiv.org/pdf/1909.08053.pdf,ML-FNDTNS
677890,2019,677890-2019.pdf,OK-VQA: A Visual Question Answering Benchmark Requiring External Knowledge,https://openaccess.thecvf.com/content_CVPR_2019/papers/Marino_OK-VQA_A_Visual_Question_Answering_Benchmark_Requiring_External_Knowledge_CVPR_2019_paper.pdf,DATA-BNCH
67b3da,2019,67b3da-2019.pdf,On the Measure of Intelligence (ARC),https://arxiv.org/pdf/1911.01547.pdf,DATA-BNCH
692fd2,2019,692fd2-2019.pdf,Recurrent Experience Replay in Distributed Reinforcement Learning (R2D2),https://openreview.net/pdf?id=r1lyTjAqYX,ML-FNDTNS
6afc7e,2019,6afc7e-2019.pdf,Transformer-XL: Attentive Language Models Beyond a Fixed-Length Context,https://aclanthology.org/P19-1285.pdf,COMP-REAS
6ca36a,2020,6ca36a-2020.pdf,2WikiMultiHopQA: Comprehensive Evaluation of Reasoning Steps,https://aclanthology.org/2020.coling-main.580.pdf,DATA-BNCH
6d94f1,2020,6d94f1-2020.pdf,AI Feynman,https://www.science.org/doi/pdf/10.1126/sciadv.aay2631,ML-FNDTNS
6eb39c,2020,6eb39c-2020.pdf,Agent57: Outperforming the Atari Human Benchmark,https://proceedings.mlr.press/v119/badia20a/badia20a.pdf,ML-FNDTNS
6fb87f,2020,6fb87f-2020.pdf,DeeBERT: Dynamic Early Exiting for Accelerating BERT Inference,https://arxiv.org/pdf/2004.12993.pdf,COMP-REAS
6fe14a,2020,6fe14a-2020.pdf,Dense Passage Retrieval for Open-Domain Question Answering,/home/jake/Developer/timeline/BIBLIOTHEQUE/28_Dense_Passage_Retrieval_for_Open_Domain_Question_Answering.pdf,ML-FNDTNS
704ee2,2020,704ee2-2020.pdf,Depth-Adaptive Transformers,https://jiataogu.me/papers/elbayad2020depth.pdf,COMP-REAS
7089b1,2020,7089b1-2020.pdf,DreamCoder,https://courses.cs.washington.edu/courses/cse599j1/22sp/papers/dreamcoder.pdf,COMP-REAS
70912d,2020,70912d-2020.pdf,Generative Pretraining from Pixels (iGPT),https://cdn.openai.com/papers/Generative_Pretraining_from_Pixels_V2.pdf,XFORM-DIM
70cce6,2020,70cce6-2020.pdf,Going in circles is the way forward: the role of recurrence in visual inference,https://www.sci-hub.ru/10.1016/j.conb.2020.11.009,X-CONTEXT
712425,2020,712425-2020.pdf,How Can Self-Attention Networks Recognize Dyck-n Languages?,https://aclanthology.org/2020.findings-emnlp.384.pdf,ML-FNDTNS
720d1d,2020,720d1d-2020.pdf,How Much Position Information Do Convolutional Neural Networks Encode?,https://openreview.net/pdf/2267055f8221e283014aba7ef46092ba93ff450f.pdf,ML-FNDTNS
72eb5b,2020,72eb5b-2020.pdf,Just-in-Time Learning for Bottom-Up Enumerative Synthesis (PROBE),https://cseweb.ucsd.edu/~hpeleg/probe-oopsla20.pdf,ML-FNDTNS
7424b6,2020,7424b6-2020.pdf,Language Models are Few-Shot Learners (GPT-3),https://arxiv.org/pdf/2005.14165.pdf,ML-FNDTNS
7539cd,2020,7539cd-2020.pdf,LogiQA: A Challenge Dataset for Machine Reading Comprehension with Logical Reasoning,https://www.ijcai.org/proceedings/2020/0501.pdf,DATA-BNCH
757142,2020,757142-2020.pdf,"Mastering Atari, Go, Chess and Shogi by Planning with a Learned Model (MuZero)",https://www.nature.com/articles/s41586-020-03051-4.pdf,COMP-REAS
75e044,2020,75e044-2020.pdf,REALM: Retrieval-Augmented Language Model Pre-Training,https://arxiv.org/pdf/2002.08909.pdf,COMP-REAS
75e90b,2020,75e90b-2020.pdf,Rethinking Positional Encoding in Language Pre-training (TUPE),https://openreview.net/pdf?id=09-528y2Fgf,POS-ENCDR
762aea,2020,762aea-2020.pdf,Retrieval-Augmented Generation for Knowledge-Intensive NLP Tasks,/home/jake/Developer/timeline/BIBLIOTHEQUE/29_Retrieval_Augmented_Generation_for_Knowledge_Intensive_NLP_Tasks.pdf,COMP-REAS
767811,2020,767811-2020.pdf,SE(3)-Transformers: 3D Roto-Translation Equivariant Attention Networks,https://proceedings.neurips.cc/paper/2020/hash/15231a7ce4ba789d13b722cc5c955834-Paper.pdf,XFORM-DIM
76ee25,2020,76ee25-2020.pdf,Scaling Laws for Neural Language Models,/home/jake/Developer/timeline/BIBLIOTHEQUE/26_Scaling_Laws_for_Neural_Language_Models.pdf,ML-FNDTNS
77aa88,2020,77aa88-2020.pdf,Sharpness-Aware Minimization for Efficiently Improving Generalization (SAM),https://arxiv.org/pdf/2010.01412.pdf,ML-FNDTNS
77e96c,2020,77e96c-2020.pdf,Solver-in-the-Loop: Learning from Differentiable Physics to Interact with Iterative PDE Solvers,https://proceedings.neurips.cc/paper_files/paper/2020/hash/43e4e6a6f341e00671e123714de019a8-Abstract.html,COMP-REAS
7852c2,2020,7852c2-2020.pdf,Stand-Alone Axial-Attention for Panoptic Segmentation (Axial-DeepLab),https://www.cs.jhu.edu/~alanlab/Pubs20/wang2020axial.pdf,XFORM-DIM
786447,2021,786447-2021.pdf,A Neurosymbolic Approach to Abstraction and Reasoning,https://dspace.mit.edu/bitstream/handle/1721.1/139305/Alford-salford-meng-eecs-2021-thesis.pdf,COMP-REAS
793aa4,2021,793aa4-2021.pdf,A Simple and Effective Positional Encoding for Transformers,https://aclanthology.org/2021.emnlp-main.236.pdf,POS-ENCDR
79948c,2021,79948c-2021.pdf,CoAtNet: Marrying Convolution and Attention,https://proceedings.neurips.cc/paper/2021/hash/20568692db622456cc42a2e853ca21f8-Paper.pdf,XFORM-DIM
7a4674,2021,7a4674-2021.pdf,Contemporary Symbolic Regression Methods and their Relative Performance (SRBench),https://arxiv.org/pdf/2107.14351.pdf,DATA-BNCH
7b0797,2021,7b0797-2021.pdf,DeiT: Data-efficient Image Transformers,https://proceedings.mlr.press/v139/touvron21a/touvron21a.pdf,ML-FNDTNS
7c1ee6,2021,7c1ee6-2021.pdf,EntailmentBank: Explaining Answers with Entailment Trees,https://aclanthology.org/2021.emnlp-main.585.pdf,DATA-BNCH
7c36d6,2021,7c36d6-2021.pdf,Latent Execution for Neural Program Synthesis (LaSynth),https://proceedings.neurips.cc/paper/2021/file/ba3c95c2962d3aab2f6e667932daa3c5-Paper.pdf,COMP-REAS
7cccbe,2021,7cccbe-2021.pdf,Muesli: Combining Improvements in Policy Optimization,https://proceedings.mlr.press/v139/hessel21a/hessel21a.pdf,ML-FNDTNS
7f8c89,2021,7f8c89-2021.pdf,PCT: Point cloud transformer (PCT),https://www.sciopen.com/article_pdf/10.1007/s41095-021-0229-5.pdf,XFORM-DIM
7f91fd,2021,7f91fd-2021.pdf,PROGRES: A large-scale benchmark for few-shot program induction and synthesis,https://proceedings.mlr.press/v139/alet21a/alet21a.pdf,DATA-BNCH
80c1d4,2021,80c1d4-2021.pdf,PSB2: The Second Program Synthesis Benchmark Suite (PSB2),https://arxiv.org/pdf/2106.06086.pdf,DATA-BNCH
80cb40,2021,80cb40-2021.pdf,Per-Pixel Classification is Not All You Need for Semantic Segmentation (MaskFormer),https://papers.neurips.cc/paper_files/paper/2021/file/950a4152c2b4aa3ad78bdd6b366cc179-Paper.pdf,ML-FNDTNS
81457a,2021,81457a-2021.pdf,Point 4D Transformer Networks for Spatio-Temporal Modeling in Point Cloud Videos (P4Transformer),https://openaccess.thecvf.com/content/CVPR2021/papers/Fan_Point_4D_Transformer_Networks_for_Spatio-Temporal_Modeling_in_Point_Cloud_CVPR_2021_paper.pdf,XFORM-DIM
821c59,2021,821c59-2021.pdf,Point Transformer (PT),https://openaccess.thecvf.com/content/ICCV2021/papers/Zhao_Point_Transformer_ICCV_2021_paper.pdf,XFORM-DIM
82aa46,2021,82aa46-2021.pdf,"ProofWriter: Generating Implications, Proofs, and Abductive Statements over Natural Language",https://aclanthology.org/2021.findings-acl.317.pdf,COMP-REAS
833153,2021,833153-2021.pdf,SVAMP: Simple Variations on Arithmetic Math Word Problems,https://aclanthology.org/2021.naacl-main.168.pdf,DATA-BNCH
83588a,2021,83588a-2021.pdf,Stabilizing Equilibrium Models by Jacobian Regularization,https://arxiv.org/pdf/2106.14342.pdf,ML-FNDTNS
8397a3,2021,8397a3-2021.pdf,StrategyQA: A Benchmark with Implicit Reasoning Strategies,https://aclanthology.org/2021.tacl-1.21.pdf,DATA-BNCH
83ec10,2021,83ec10-2021.pdf,Swin Transformer: Hierarchical Vision Transformer using Shifted Windows,https://openaccess.thecvf.com/content/ICCV2021/papers/Liu_Swin_Transformer_Hierarchical_Vision_Transformer_Using_Shifted_Windows_ICCV_2021_paper.pdf,XFORM-DIM
84149f,2021,84149f-2021.pdf,ViViT: A Video Vision Transformer,https://openaccess.thecvf.com/content/ICCV2021/papers/Arnab_ViViT_A_Video_Vision_Transformer_ICCV_2021_paper.pdf,XFORM-DIM
84b790,2022,84b790-2022.pdf,Constitutional AI: Harmlessness from AI Feedback,https://www-cdn.anthropic.com/7512771452629584566b6303311496c262da1006/Anthropic_ConstitutionalAI_v2.pdf,ML-FNDTNS
875857,2022,875857-2022.pdf,Jacobian-Free Backpropagation for Implicit Networks (JFB),https://www.math.emory.edu/site/cmds-reuret/projects/2022-implicit/JFB.pdf,ML-FNDTNS
879540,2022,879540-2022.pdf,LIFT: Learning 4D LiDAR Image Fusion Transformer for 3D Object Detection,https://openaccess.thecvf.com/content/CVPR2022/papers/Zeng_LIFT_Learning_4D_LiDAR_Image_Fusion_Transformer_for_3D_Object_CVPR_2022_paper.pdf,XFORM-DIM
87ef1d,2022,87ef1d-2022.pdf,Memorizing Transformers,https://arxiv.org/pdf/2203.08913.pdf,COMP-REAS
88f8f8,2022,88f8f8-2022.pdf,Point Primitive Transformer for Long-Term 4D Point Cloud Video Understanding (PPTr),https://www.ecva.net/papers/eccv_2022/papers_ECCV/papers/136890018.pdf,XFORM-DIM
8b8cf9,2022,8b8cf9-2022.pdf,Self-Consistency Improves Chain of Thought Reasoning in Language Models,https://arxiv.org/pdf/2203.11171.pdf,COMP-REAS
8b92f4,2022,8b92f4-2022.pdf,Tackling the Abstraction and Reasoning Corpus with Vision Transformers: the ViTARC Architecture,https://openreview.net/pdf?id=0gOQeSHNX1,POS-ENCDR
8b933d,2022,8b933d-2022.pdf,Training Iterative Refinement Algorithms with Implicit Differentiation,https://proceedings.neurips.cc/paper_files/paper/2022/file/d301e2878a7ebadf1a95029e904fc7d0-Paper-Conference.pdf,COMP-REAS
8c27d6,2022,8c27d6-2022.pdf,TransFusion: Robust LiDAR-Camera Fusion for 3D Object Detection with Transformers,https://openaccess.thecvf.com/content/CVPR2022/papers/Bai_TransFusion_Robust_LiDAR-Camera_Fusion_for_3D_Object_Detection_With_Transformers_CVPR_2022_paper.pdf,XFORM-DIM
8d6d7c,2023,8d6d7c-2023.pdf,4D-Former: Multimodal 4D Panoptic Segmentation,https://proceedings.mlr.press/v229/athar23a/athar23a.pdf,XFORM-DIM
8e24d0,2023,8e24d0-2023.pdf,A Length-Extrapolatable Transformer (XPOS / LeX),https://aclanthology.org/2023.acl-long.816.pdf,POS-ENCDR
8e463a,2023,8e463a-2023.pdf,ALCUNA: Large Language Models Meet New Knowledge,/home/jake/Developer/timeline/BIBLIOTHEQUE/32_ALCUNA_Large_Language_Models_Meet_New_Knowledge.pdf,DATA-BNCH
903168,2023,903168-2023.pdf,DiffusionDet: Diffusion Model for Object Detection,https://openaccess.thecvf.com/content/ICCV2023/papers/Chen_DiffusionDet_Diffusion_Model_for_Object_Detection_ICCV_2023_paper.pdf,ML-FNDTNS
90c0ba,2023,90c0ba-2023.pdf,FlashAttention-2: Faster Attention with Better Parallelism and Work Partitioning,https://tridao.me/publications/flash2/flash2.pdf,ML-FNDTNS
91102e,2023,91102e-2023.pdf,LeaF: Learning Frames for 4D Point Cloud Sequence Understanding,https://openaccess.thecvf.com/content/ICCV2023/papers/Liu_LeaF_Learning_Frames_for_4D_Point_Cloud_Sequence_Understanding_ICCV_2023_paper.pdf,COMP-REAS
9114f2,2023,9114f2-2023.pdf,Let's Verify Step by Step (PRM),https://arxiv.org/pdf/2305.20050.pdf,ML-FNDTNS
920b99,2023,920b99-2023.pdf,LogiQA 2.0 - An Improved Dataset for Logical Reasoning in NLU,https://frcchang.github.io/pub/An%20Improved%20Dataset%20for%20Logical%20Reasoning%20in%20Natural%20Language%20Understanding.pdf,DATA-BNCH
94014e,2023,94014e-2023.pdf,Lost in the Middle: How Language Models Use Long Contexts,/home/jake/Developer/timeline/BIBLIOTHEQUE/31_Lost_in_the_Middle_How_Language_Models_Use_Long_Contexts.pdf,ML-FNDTNS
942ef3,2023,942ef3-2023.pdf,Mask4D: End-to-End Mask-Based 4D Panoptic Segmentation for LiDAR Sequences,https://www.ipb.uni-bonn.de/wp-content/papercite-data/pdf/marcuzzi2023ral-meem.pdf,XFORM-DIM
948971,2023,948971-2023.pdf,Objaverse-XL: A Universe of 10M+ 3D Objects,https://arxiv.org/pdf/2307.05663.pdf,DATA-BNCH
95b292,2023,95b292-2023.pdf,"One-Step Diffusion Distillation via Deep Equilibrium Models (Generative Equilibrium Transformer, GET)",https://papers.neurips.cc/paper_files/paper/2023/file/82f05a105c928c10706213952bf0c8b7-Paper-Conference.pdf,ML-FNDTNS
96c4a4,2023,96c4a4-2023.pdf,Precise Zero-Shot Dense Retrieval without Relevance Labels,/home/jake/Developer/timeline/BIBLIOTHEQUE/30_Precise_Zero_Shot_Dense_Retrieval_without_Relevance_Labels.pdf,COMP-REAS
9756b7,2023,9756b7-2023.pdf,QLoRA: Efficient Finetuning of Quantized LLMs,https://arxiv.org/pdf/2305.14314.pdf,ML-FNDTNS
97aea1,2023,97aea1-2023.pdf,Segment Anything (SAM),https://openaccess.thecvf.com/content/ICCV2023/papers/Kirillov_Segment_Anything_ICCV_2023_paper.pdf,DATA-BNCH
988e89,2023,988e89-2023.pdf,The Perils & Promises of Fact-checking with Large Language Models,/home/jake/Developer/timeline/BIBLIOTHEQUE/33_The_Perils_&_Promises_of_Fact_checking_with_Large_Language_Models.pdf,DATA-BNCH
98b726,2023,98b726-2023.pdf,Transformer-based Point Cloud Generation Network,https://dl.acm.org/doi/pdf/10.1145/3581783.3612226,XFORM-DIM
98bd11,2023,98bd11-2023.pdf,Zephyr: Direct Distillation of LM Alignment,/home/jake/Developer/timeline/BIBLIOTHEQUE/34_Zephyr_Direct_Distillation_of_LM_Alignment.pdf,ML-FNDTNS
9908df,2024,9908df-2024.pdf,A 2D nGPT Model For Arc Prize,https://raw.githubusercontent.com/jfpuget/ARC-AGI-Challenge-2024/main/arc.pdf,XFORM-DIM
9c0189,2024,9c0189-2024.pdf,A Survey on Evaluation of Large Language Models,https://dl.acm.org/doi/pdf/10.1145/3641289,DATA-BNCH
9c3f73,2024,9c3f73-2024.pdf,ARC Prize 2024: Technical Report,https://arxiv.org/pdf/2412.04604.pdf,DATA-BNCH
9dd3d0,2024,9dd3d0-2024.pdf,Advancing Process Verification for LLM Reasoning,https://aclanthology.org/2024.emnlp-main.125.pdf,COMP-REAS
a11504,2024,a11504-2024.pdf,Better & Faster Large Language Models via Multi-token Prediction,/home/jake/Developer/timeline/BIBLIOTHEQUE/27_Better_&_Faster_Large_Language_Models_via_Multi_token_Prediction.pdf,ML-FNDTNS
a11fa2,2024,a11fa2-2024.pdf,Combining Induction and Transduction for Abstract Reasoning,https://www.cs.cornell.edu/~ellisk/documents/arc_induction_vs_transduction.pdf,COMP-REAS
a1bc09,2024,a1bc09-2024.pdf,DAPE: Data-Adaptive Positional Encoding for Length Extrapolation,https://proceedings.neurips.cc/paper_files/paper/2024/file/2f050fa9f0d898e3f265d515f50ae8f9-Paper-Conference.pdf,POS-ENCDR
a29d32,2024,a29d32-2024.pdf,DeLiVoTr: Deep and Light-weight Voxel Transformer for 3D Object Detection,https://www.sciencedirect.com/science/article/pii/S2667305324000371/pdf,XFORM-DIM
a34395,2024,a34395-2024.pdf,DiffSAT: Differential MaxSAT Layer for SAT Solving,https://www.cse.cuhk.edu.hk/~byu/papers/C237-ICCAD2024-DiffSAT.pdf,COMP-REAS
a365eb,2024,a365eb-2024.pdf,DriveWorld: 4D Pre-trained Scene Understanding via World Models for Autonomous Driving,https://openaccess.thecvf.com/content/CVPR2024/papers/Min_DriveWorld_4D_Pre-trained_Scene_Understanding_via_World_Models_for_Autonomous_CVPR_2024_paper.pdf,COMP-REAS
a3a00f,2024,a3a00f-2024.pdf,Enhanced Enumeration Techniques for Syntax-Guided Synthesis,https://dl.acm.org/doi/10.1145/3632913,COMP-REAS
a3c3e0,2024,a3c3e0-2024.pdf,Enhanced Scene Understanding on 4D Point Cloud,https://ojs.aaai.org/index.php/AAAI/article/view/28045/28100,COMP-REAS
a45446,2024,a45446-2024.pdf,Exploring Context Window of LLMs,https://proceedings.neurips.cc/paper_files/paper/2024/file/1403ab1a427050538ec59c7f570aec8b-Paper-Conference.pdf,POS-ENCDR
a47c32,2024,a47c32-2024.pdf,Fixed Point Diffusion Models (FPDM),https://arxiv.org/pdf/2401.08741.pdf,COMP-REAS
a494fd,2024,a494fd-2024.pdf,HiRoPE: Length Extrapolation for Code Models Using Hierarchical Rotary Position Embedding,https://aclanthology.org/2024.acl-long.735.pdf,POS-ENCDR
a4ced5,2024,a4ced5-2024.pdf,Implicit Factorized Transformer (IFactFormer),https://www.sciencedirect.com/science/article/pii/S2095034924000382/pdf,COMP-REAS
a4e871,2024,a4e871-2024.pdf,LLFormer4D: LiDAR-based lane detection method,https://ietresearch.onlinelibrary.wiley.com/doi/pdfdirect/10.1049/cvi2.12338?download=true,XFORM-DIM
a4f810,2024,a4f810-2024.pdf,LTD-Bench: Evaluating Large Language Models by Letting Them Draw,https://openreview.net/pdf?id=TG5rvKyEbu,DATA-BNCH
a5942e,2024,a5942e-2024.pdf,Length Extrapolation of Causal Transformers without Position Encoding (NoPE),https://aclanthology.org/2024.findings-acl.834.pdf,ML-FNDTNS
a75818,2024,a75818-2024.pdf,Length Extrapolation of Transformers: A Survey from the Perspective of Positional Encoding,https://aclanthology.org/2024.findings-emnlp.582.pdf,ML-FNDTNS
a78209,2024,a78209-2024.pdf,"MHaluBench (from ""Unified Hallucination Detection..."")",https://aclanthology.org/2024.acl-long.178.pdf,DATA-BNCH
a7dd1e,2024,a7dd1e-2024.pdf,MT-Bench-101,https://aclanthology.org/2024.acl-long.401.pdf,DATA-BNCH
a8049c,2024,a8049c-2024.pdf,MVBench: A Comprehensive Multi-modal Video Understanding Benchmark,https://openaccess.thecvf.com/content/CVPR2024/papers/Li_MVBench_A_Comprehensive_Multi-modal_Video_Understanding_Benchmark_CVPR_2024_paper.pdf,DATA-BNCH
a897aa,2024,a897aa-2024.pdf,Machine Learning for Modular Multiplication,https://arxiv.org/pdf/2402.19254.pdf,ML-FNDTNS
a8b17a,2024,a8b17a-2024.pdf,Mesa-Extrapolation: A Weave Position Encoding Method for Enhanced Extrapolation in LLMs,https://proceedings.neurips.cc/paper_files/paper/2024/file/9446c291a8744a125a0bda5b18f4d5a1-Paper-Conference.pdf,POS-ENCDR
a9ea79,2024,a9ea79-2024.pdf,Mini-ARC: Solving Abstraction and Reasoning Puzzles with Small Transformer Models,https://www.paulfletcherhill.com/mini-arc.pdf,ML-FNDTNS
a9f875,2024,a9f875-2024.pdf,OccWorld: Learning a 3D Occupancy World Model for Autonomous Driving,https://www.ecva.net/papers/eccv_2024/papers_ECCV/papers/02024.pdf,XFORM-DIM
aa7b28,2024,aa7b28-2024.pdf,OneFormer3D: One Transformer for Unified Point Cloud Segmentation (OneFormer3D),https://openaccess.thecvf.com/content/CVPR2024/papers/Kolodiazhnyi_OneFormer3D_One_Transformer_for_Unified_Point_Cloud_Segmentation_CVPR_2024_paper.pdf,XFORM-DIM
ab2e9f,2024,ab2e9f-2024.pdf,Open3DIS: Open-Vocabulary 3D Instance Segmentation with 2D Mask Guidance,https://openaccess.thecvf.com/content/CVPR2024/papers/Nguyen_Open3DIS_Open-Vocabulary_3D_Instance_Segmentation_with_2D_Mask_Guidance_CVPR_2024_paper.pdf,ML-FNDTNS
ab5a67,2024,ab5a67-2024.pdf,POS-BERT: Point cloud one-stage BERT pre-training,https://www.sciencedirect.com/science/article/pii/S0957417423030658/pdf,XFORM-DIM
abb1d3,2024,abb1d3-2024.pdf,"Point Transformer V3: Simpler, Faster, Stronger",https://openaccess.thecvf.com/content/CVPR2024/papers/Wu_Point_Transformer_V3_Simpler_Faster_Stronger_CVPR_2024_paper.pdf,XFORM-DIM
ad1c66,2024,ad1c66-2024.pdf,Point cloud semantic segmentation with adaptive spatial structure graph transformer (ASGFormer),https://www.sysuzxc.site/paper/2024_Point%20cloud%20semantic%20segmentation%20with%20adaptive%20spatial%20structure%20graph%20transformer.pdf,XFORM-DIM
ad5e9b,2024,ad5e9b-2024.pdf,Repeated Examples Help Learn Arithmetic,https://openreview.net/pdf?id=qoUHqnE6A0,ML-FNDTNS
ad687f,2024,ad687f-2024.pdf,Resonance RoPE: Improving Context Length Generalization of Large Language Models,https://aclanthology.org/2024.findings-acl.32.pdf,POS-ENCDR
ad8ea4,2024,ad8ea4-2024.pdf,RoPE scaling analysis + new scaling,https://aclanthology.org/2024.emnlp-main.414.pdf,POS-ENCDR
ad93bf,2024,ad93bf-2024.pdf,Rotary Position Embedding for Vision Transformer,https://www.ecva.net/papers/eccv_2024/papers_ECCV/papers/01584.pdf,POS-ENCDR
adc513,2024,adc513-2024.pdf,SEED-Bench: Benchmarking Multimodal LLMs with Generative Comprehension,https://openaccess.thecvf.com/content/CVPR2024/papers/Li_SEED-Bench_Benchmarking_Multimodal_Large_Language_Models_CVPR_2024_paper.pdf,DATA-BNCH
ae1e1a,2024,ae1e1a-2024.pdf,SRBench++: principled benchmarking of symbolic regression,https://pmc.ncbi.nlm.nih.gov/articles/PMC12321164/pdf/nihms-2053059.pdf,MIS-CLASS
ae28ee,2024,ae28ee-2024.pdf,SWE-bench,https://proceedings.iclr.cc/paper_files/paper/2024/file/edac78c3e300629acfe6cbe9ca88fb84-Paper-Conference.pdf,DATA-BNCH
b0c53f,2024,b0c53f-2024.pdf,ScatterFormer: Efficient Voxel Transformer with Scattered Linear Attention,https://arxiv.org/pdf/2401.00912.pdf,XFORM-DIM
b1e731,2024,b1e731-2024.pdf,Searching Latent Program Spaces,https://raw.githubusercontent.com/clement-bonnet/lpn/7f86b1d11ea37ba173700dbac8604393eac6da37/paper.pdf,COMP-REAS
b29ee0,2024,b29ee0-2024.pdf,SegPoint: Segment Any Point Cloud via Large Language Model,https://arxiv.org/pdf/2407.13761.pdf,ML-FNDTNS
b2ce18,2024,b2ce18-2024.pdf,Simultaneous Instance Pooling & Bag Selection for MIL using ViTs,https://link.springer.com/content/pdf/10.1007/s00521-024-09417-3.pdf,ML-FNDTNS
b30720,2024,b30720-2024.pdf,Solving olympiad geometry without human demonstrations (AlphaGeometry),https://www.nature.com/articles/s41586-023-06747-5.pdf,COMP-REAS
b341ec,2024,b341ec-2024.pdf,Spherical Mask: Coarse-to-Fine 3D Point Cloud Instance Segmentation with Spherical Representation,https://openaccess.thecvf.com/content/CVPR2024/papers/Shin_Spherical_Mask_Coarse-to-Fine_3D_Point_Cloud_Instance_Segmentation_with_Spherical_CVPR_2024_paper.pdf,ML-FNDTNS
b3cb55,2024,b3cb55-2024.pdf,The LLM ARChitect: Solving ARC-AGI Is a Matter of Perspective,https://raw.githubusercontent.com/da-fr/arc-prize-2024/main/the_architects.pdf,ML-FNDTNS
b3df59,2024,b3df59-2024.pdf,The Surprising Effectiveness of Test-Time Training for Few-Shot Learning,https://arxiv.org/pdf/2411.07279.pdf,COMP-REAS
b4065f,2024,b4065f-2024.pdf,Towards Efficient Neurally-Guided Program Induction for ARC-AGI,https://drive.google.com/uc?export=download&id=1sFlK3mhz8kH2agdE379o0ODQWYkrSD0b,COMP-REAS
b4a6ef,2024,b4a6ef-2024.pdf,Transformer based 3D tooth segmentation via point cloud region partition (PointRegion),https://www.nature.com/articles/s41598-024-79485-x.pdf,XFORM-DIM
b75328,2024,b75328-2024.pdf,Transformers Can Do Arithmetic with the Right Embeddings,https://proceedings.neurips.cc/paper_files/paper/2024/file/c35986bc1ee29b31c1011481b77fe540-Paper-Conference.pdf,POS-ENCDR
b9c318,2024,b9c318-2024.pdf,Voxel self-attention and center-point for 3D object detector,https://www.cell.com/iscience/fulltext/S2589-0042%2824%2901984-9,XFORM-DIM
ba30e0,2025,ba30e0-2025.pdf,ARC is a Vision Problem!,https://arxiv.org/pdf/2511.14761.pdf,XFORM-DIM
ba43fd,2025,ba43fd-2025.pdf,ARC-AGI Without Pretraining (CompressARC),https://iliao2345.github.io/blog_posts/arc_agi_without_pretraining/ARC_AGI_Without_Pretraining.pdf,COMP-REAS
bb0d80,2025,bb0d80-2025.pdf,ARC-NCA: Towards Developmental Solutions to the Abstraction and Reasoning Corpus,https://arxiv.org/pdf/2505.08778.pdf,COMP-REAS
bc06e1,2025,bc06e1-2025.pdf,Adaptive Patch Selection for ViTs via Reinforcement Learning,https://link.springer.com/content/pdf/10.1007/s10489-025-06516-z.pdf,COMP-REAS
bcb0cf,2025,bcb0cf-2025.pdf,Adaptive Thinking Using Dynamic Computation,https://proceedings.iclr.cc/paper_files/paper/2025/file/955499a8e2860ed746717c1374224c43-Paper-Conference.pdf,COMP-REAS
bdb5c9,2025,bdb5c9-2025.pdf,ArcMemo: Abstract Reasoning Composition with Lifelong LLM Memory,https://arxiv.org/pdf/2509.04439.pdf,COMP-REAS
bdeeb7,2025,bdeeb7-2025.pdf,Arithmetic-Bench: Evaluating Multi-Step Reasoning in LLMs through Basic Arithmetic Operations,https://openreview.net/pdf?id=ae6bKeffGZ,DATA-BNCH
be1734,2025,be1734-2025.pdf,"Autoregressive Modeling as Iterative Latent Equilibrium (Equilibrium Transformers, EqT)",https://arxiv.org/pdf/2511.21882.pdf,COMP-REAS
bf1db8,2025,bf1db8-2025.pdf,BIG-Bench Extra Hard (BBEH),https://aclanthology.org/2025.acl-long.1285.pdf,DATA-BNCH
bff244,2025,bff244-2025.pdf,BWFormer: Building Wireframe Reconstruction from Airborne LiDAR Point Cloud with Transformer (BWFormer),https://openaccess.thecvf.com/content/CVPR2025/papers/Liu_BWFormer_Building_Wireframe_Reconstruction_from_Airborne_LiDAR_Point_Cloud_with_CVPR_2025_paper.pdf,XFORM-DIM
c02431,2025,c02431-2025.pdf,Beyond Brute Force: A Neuro-Symbolic Architecture for Compositional Reasoning in ARC-AGI-2,https://raw.githubusercontent.com/CoreThink-AI/Research-publications/main/Preprints/Beyond_Brute_Force__A_Neuro_Symbolic_Architecture_for_Compositional_Reasoning_in_ARC_AGI_2.pdf,COMP-REAS
c078ac,2025,c078ac-2025.pdf,ChartQAPro: A More Diverse and Challenging Benchmark for Real-World Chart QA,https://arxiv.org/pdf/2504.05506.pdf,DATA-BNCH
c0ab7b,2025,c0ab7b-2025.pdf,Context-aware Biases for Length Extrapolation (CABLE),https://aclanthology.org/2025.emnlp-main.1545.pdf,POS-ENCDR
c16f35,2025,c16f35-2025.pdf,DT-NVS: Diffusion Transformers for Novel View Synthesis,https://arxiv.org/pdf/2511.08823.pdf,XFORM-DIM
c1ab73,2025,c1ab73-2025.pdf,Don't throw the baby out with the bathwater: How and why deep learning for ARC,https://arxiv.org/pdf/2506.14276.pdf,COMP-REAS
c24509,2025,c24509-2025.pdf,DynamicCity: Large-Scale 4D Occupancy Generation from Dynamic Scenes,https://arxiv.org/pdf/2410.18084.pdf,XFORM-DIM
c2781d,2025,c2781d-2025.pdf,Efficiently Allocating Test-Time Compute for LLM Agents,https://arxiv.org/pdf/2509.03581.pdf,COMP-REAS
c2a947,2025,c2a947-2025.pdf,Enhancing Modern SAT Solver With Machine Learning,https://dl.acm.org/doi/pdf/10.1145/3716368.3735251,COMP-REAS
c2ad61,2025,c2ad61-2025.pdf,From Parrots to Von Neumanns: How Evolutionary Test-Time Compute Achieved SOTA on ARC-AGI,https://raw.githubusercontent.com/jerber/arc-lang-public/main/from_parrots_to_von_neumanns.pdf,COMP-REAS
c2c1a1,2025,c2c1a1-2025.pdf,Graph Perceiver IO,https://www.sciencedirect.com/science/article/pii/S0031320325005497/pdf,XFORM-DIM
c32508,2025,c32508-2025.pdf,H-ARC (Human-ARC): A Comprehensive Behavioral Dataset for the Abstraction and Reasoning Corpus,https://www.nature.com/articles/s41597-025-05687-1.pdf,DATA-BNCH
c37494,2025,c37494-2025.pdf,HARPE: Head-Adaptive Rotary Position Encoding,https://aclanthology.org/2025.coling-main.326.pdf,POS-ENCDR
c3bf18,2025,c3bf18-2025.pdf,Hierarchical Reasoning Model (HRM),https://arxiv.org/pdf/2506.21734.pdf,COMP-REAS
c3df42,2025,c3df42-2025.pdf,LVSM: A Large View Synthesis Model with Minimal 3D Inductive Bias,https://arxiv.org/pdf/2410.17242.pdf,XFORM-DIM
c3fd30,2025,c3fd30-2025.pdf,Learning Modular Exponentiation with Transformers,https://arxiv.org/pdf/2506.23679.pdf,ML-FNDTNS
c40140,2025,c40140-2025.pdf,Less is More: Recursive Reasoning with Tiny Networks (TRM),https://arxiv.org/pdf/2510.04871.pdf,COMP-REAS
c47f66,2025,c47f66-2025.pdf,MMMU-Pro: A More Robust Multi-discipline Multimodal Understanding and Reasoning Benchmark,https://aclanthology.org/2025.acl-long.736.pdf,DATA-BNCH
c4feab,2025,c4feab-2025.pdf,Mastering diverse control tasks through world models (DreamerV3),https://www.nature.com/articles/s41586-025-08744-2.pdf,ML-FNDTNS
c57b8d,2025,c57b8d-2025.pdf,MathClean: A Benchmark for Synthetic Mathematical Data,https://arxiv.org/pdf/2502.19058.pdf,DATA-BNCH
c66e62,2025,c66e62-2025.pdf,Maximizing the Position Embedding for Vision Transformers (MPVG),https://arxiv.org/pdf/2502.02919.pdf,POS-ENCDR
c69dce,2025,c69dce-2025.pdf,NVARC solution to ARC-AGI-2 2025,https://drive.google.com/uc?export=download&id=1vkEluaaJTzaZiJL69TkZovJUkPSDH5Xc,DATA-BNCH
c73d4b,2025,c73d4b-2025.pdf,Nested Learning: The Illusion of Deep Learning Architecture,https://openreview.net/pdf?id=nbMeRvNb7A,COMP-REAS
c74458,2025,c74458-2025.pdf,Olympiad-level formal mathematical reasoning with large language models (AlphaProof),https://www.nature.com/articles/s41586-025-09833-y.pdf,COMP-REAS
c74723,2025,c74723-2025.pdf,PanSt3R: Multi-view Consistent Panoptic Segmentation,https://openaccess.thecvf.com/content/ICCV2025/papers/Zust_PanSt3R_Multi-view_Consistent_Panoptic_Segmentation_ICCV_2025_paper.pdf,XFORM-DIM
c79c24,2025,c79c24-2025.pdf,Point mask transformer for outdoor point cloud semantic segmentation (PMFormer),https://www.sciopen.com/article_pdf/1942505668075868162.pdf,XFORM-DIM
c7d102,2025,c7d102-2025.pdf,Point-voxel dual transformer for LiDAR 3D object detection (PV-DT3D),https://www.researching.cn/ArticlePdf/m00050/2025/21/9/6.pdf,XFORM-DIM
c8414b,2025,c8414b-2025.pdf,Product of Experts with LLMs: Boosting Performance on ARC Is a Matter of Perspective,https://arxiv.org/pdf/2505.07859.pdf,COMP-REAS
c850a0,2025,c850a0-2025.pdf,R-PRM: Reasoning-Driven Process Reward Modeling,https://aclanthology.org/2025.emnlp-main.679.pdf,ML-FNDTNS
c8df54,2025,c8df54-2025.pdf,Reflection System for the Abstraction and Reasoning Corpus,https://openreview.net/pdf?id=kRFwzuv0ze,COMP-REAS
c8f217,2025,c8f217-2025.pdf,Relation3D: Enhancing Relation Modeling for Point Cloud Instance Segmentation,https://openaccess.thecvf.com/content/CVPR2025/papers/Lu_Relation3D__Enhancing_Relation_Modeling_for_Point_Cloud_Instance_Segmentation_CVPR_2025_paper.pdf,XFORM-DIM
c99cc4,2025,c99cc4-2025.pdf,RetentiveBEV: BEV transformer for visual 3D object detection,https://journals.sagepub.com/doi/pdf/10.1177/01423312241308367,COMP-REAS
c9a07a,2025,c9a07a-2025.pdf,Rethinking Visual Intelligence: Insights from Video Pretraining,https://arxiv.org/pdf/2510.24448.pdf,ML-FNDTNS
cb40cf,2025,cb40cf-2025.pdf,Revisiting the Test-Time Scaling of o1-like Models,https://aclanthology.org/2025.acl-long.232.pdf,COMP-REAS
cc44ca,2025,cc44ca-2025.pdf,Scaling Transformer-Based Novel View Synthesis with Models Token Disentanglement and Synthetic Data,https://openaccess.thecvf.com/content/ICCV2025/papers/Nair_Scaling_Transformer-Based_Novel_View_Synthesis_with_Models_Token_Disentanglement_and_ICCV_2025_paper.pdf,ML-FNDTNS
cc8713,2025,cc8713-2025.pdf,Self-Improving Language Models for Evolutionary Program Synthesis: A Case Study on ARC-AGI (SOAR),https://openreview.net/pdf?id=z4IG090qt2,COMP-REAS
cdbbf7,2025,cdbbf7-2025.pdf,SparseVoxFormer: Sparse Voxel-based Transformer for Multi-modal 3D Object Detection,https://arxiv.org/pdf/2503.08092.pdf,XFORM-DIM
ce22af,2025,ce22af-2025.pdf,Streaming 4D Panoptic Segmentation via Dual Threads,https://arxiv.org/pdf/2510.17664.pdf,MIS-CLASS
ce62ee,2025,ce62ee-2025.pdf,TReB: A Comprehensive Benchmark for Evaluating Table Reasoning Evolution,https://arxiv.org/pdf/2506.18421.pdf,DATA-BNCH
cf25a5,2025,cf25a5-2025.pdf,Test-Time Learning for Large Language Models (TLM / TTL),https://openreview.net/pdf?id=iCYbIaGKSR,COMP-REAS
cf3e52,2025,cf3e52-2025.pdf,Test-time Adaptation of Tiny Recursive Models,https://trelis.com/wp-content/uploads/2025/11/mcgovern_test_time_adaptation_trm.pdf,ML-FNDTNS
cf6028,2025,cf6028-2025.pdf,The Art of Scaling Test-Time Compute for LLMs,https://arxiv.org/pdf/2512.02008.pdf,DATA-BNCH
d27de6,2025,d27de6-2025.pdf,Towards the Next Generation of Symbolic Regression Benchmarks (SRBench),https://arxiv.org/pdf/2505.03977.pdf,DATA-BNCH
d405d6,2025,d405d6-2025.pdf,Understanding the RoPE Extensions of Long-Context LLMs,https://aclanthology.org/2025.coling-main.600.pdf,ML-FNDTNS
d54652,2025,d54652-2025.pdf,Vector Symbolic Algebras for the Abstraction and Reasoning Corpus,https://raw.githubusercontent.com/ijoffe/ARC-VSA-2025/main/paper/paper.pdf,COMP-REAS
d64a3b,2025,d64a3b-2025.pdf,Wavelet-based Positional Representation for Long Context,https://openreview.net/pdf?id=OhauMUNW8T,POS-ENCDR
d69127,2025,d69127-2025.pdf,Zero-Shot 4D LiDAR Panoptic Segmentation (SAL-4D),https://openaccess.thecvf.com/content/CVPR2025/papers/Zhang_Zero-Shot_4D_Lidar_Panoptic_Segmentation_CVPR_2025_paper.pdf,ML-FNDTNS
